{
  "class_code": {
    "precision": 1.0,
    "recall": 1.0,
    "f1-score": 1.0,
    "support": 10,
    "confused_with": {}
  },
  "job": {
    "precision": 0.875,
    "recall": 0.23140495867768596,
    "f1-score": 0.36601307189542476,
    "support": 121,
    "confused_with": {}
  },
  "topic": {
    "precision": 0.8787878787878788,
    "recall": 0.8169014084507042,
    "f1-score": 0.8467153284671534,
    "support": 71,
    "confused_with": {}
  },
  "micro avg": {
    "precision": 0.8888888888888888,
    "recall": 0.4752475247524752,
    "f1-score": 0.6193548387096773,
    "support": 202
  },
  "macro avg": {
    "precision": 0.9179292929292929,
    "recall": 0.6827687890427967,
    "f1-score": 0.7375761334541927,
    "support": 202
  },
  "weighted avg": {
    "precision": 0.8825195019501949,
    "recall": 0.4752475247524752,
    "f1-score": 0.5663582674282885,
    "support": 202
  },
  "accuracy": 0.9575081022686353
}